site_area,structure_type,water_consumption,recycling_rate,utilisation_rate,air_quality_index,issue_resolution_time,resident_count,electricity_cost
1447,Industrial,1000,22,69,179,65,0,2027
865,Residential,1000,11,97,69,68,78,1744
3131,Residential,4507,11,94,35,26,232,4233
1058,Commercial,1897,36,89,19,57,0,1912
1053,Residential,1000,,79,12,61,99,1757
1808,Residential,1889,,48,140,20,160,2301
1960,Residential,3692,,97,161,24,153,3230
941,Mixed-use,1210,37,68,39,70,32,1161
3645,Residential,5114,66,54,128,13,343,4555
4671,Residential,7109,87,37,176,32,388,4761
4677,Residential,6224,74,77,48,47,212,4391
3092,Commercial,5095,11,87,53,47,0,3083
3699,Residential,5168,29,85,69,18,316,4789
2427,Industrial,1924,28,45,133,64,0,2566
4182,Commercial,6578,33,86,173,12,0,4240
3317,Residential,1096,62,89,84,53,68,2947
1216,Commercial,2377,15,50,50,48,0,1775
3886,Mixed-use,4812,,51,124,38,38,2946
2068,Residential,1000,,98,9,36,183,3141
2911,Mixed-use,2835,,88,31,64,233,2623
4249,Commercial,6455,25,95,173,13,0,4493
2253,Residential,2812,23,65,104,24,107,2654
1549,Commercial,2211,58,92,114,4,0,2276
3159,Commercial,5290,56,94,102,45,0,3549
4060,Residential,5187,19,87,114,61,312,5045
2472,Residential,1413,59,94,45,48,178,3108
4131,Mixed-use,3688,62,83,8,41,264,3395
2964,Commercial,5147,62,31,19,22,0,2968
4000,Commercial,3406,10,32,177,47,0,3644
3091,Commercial,2516,32,38,181,56,0,2931
4642,Commercial,7015,23,30,17,30,0,3893
2656,Residential,2723,36,52,129,18,180,3090
4585,Mixed-use,4561,54,86,128,33,62,3127
1126,Residential,1227,22,81,10,48,33,1869
1190,Mixed-use,1122,37,72,125,29,63,1521
2424,Industrial,3315,86,72,40,69,0,3081
4232,Commercial,4634,48,82,185,27,0,4362
3024,Residential,3925,22,37,90,61,38,2696
1348,Commercial,3135,38,45,157,11,0,1827
2156,Commercial,2945,82,50,174,69,0,2142
4223,Mixed-use,7893,44,89,39,33,91,3504
2935,Commercial,2801,48,91,68,69,0,3251
1207,Commercial,2112,62,71,49,26,0,1668
3869,Residential,5007,12,66,143,43,165,3820
2804,Commercial,2086,61,44,8,46,0,2917
741,Commercial,1000,45,80,29,14,0,1475
1389,Commercial,1770,59,93,74,71,0,2331
2934,Commercial,2580,73,70,56,18,0,2930
4229,Commercial,3460,66,51,168,21,0,3733
3051,Commercial,2573,27,57,88,10,0,2804
3061,Commercial,3368,85,55,103,39,0,3038
4501,Commercial,4116,11,68,125,53,0,4401
1748,Residential,2152,76,74,142,3,13,1552
2396,Residential,2733,20,41,130,24,155,2634
3813,Commercial,5053,54,30,15,46,0,3386
1365,Residential,2985,37,63,181,14,23,2060
2969,Residential,5772,55,52,39,3,153,2987
1340,Mixed-use,1000,20,61,149,31,38,1559
518,Residential,1000,26,59,30,56,22,1149
4508,Commercial,3577,56,90,137,36,0,4619
3915,Mixed-use,2659,60,57,155,39,112,2602
3552,Residential,4216,69,78,184,27,118,3520
3079,Residential,5730,50,100,28,41,212,4394
2178,Commercial,3756,54,94,35,53,0,2727
2928,Commercial,1308,49,65,48,54,0,2633
963,Residential,1336,53,93,158,60,37,1553
3319,Residential,2659,54,43,176,12,130,2728
3376,Commercial,1792,90,64,157,60,0,3437
4811,Industrial,9484,11,89,141,22,0,5728
1606,Residential,2035,54,56,18,35,137,2206
3962,Residential,7515,24,52,66,57,283,4605
4262,Residential,3782,26,75,87,12,346,4786
4111,Residential,7890,19,85,99,41,326,5096
4023,Residential,3853,61,49,128,7,87,2653
1039,Mixed-use,1882,49,48,77,12,82,888
1265,Commercial,1898,41,91,154,57,0,2262
1322,Residential,1296,19,77,181,34,90,2495
3335,Residential,4247,29,43,20,15,14,2525
523,Residential,1000,16,30,131,5,30,903
4812,Mixed-use,7793,52,94,132,62,445,3646
1791,Commercial,1893,80,68,16,13,0,2004
2323,Commercial,2349,71,72,160,5,0,3063
1857,Residential,1089,76,48,31,31,135,2271
3520,Residential,6599,74,55,149,48,81,3424
4722,Mixed-use,9578,19,84,163,67,412,3818
4199,Residential,7331,68,75,83,30,94,3591
3472,Commercial,4317,47,30,11,46,0,3081
4216,Residential,6354,13,85,104,6,198,4647
841,Residential,1417,88,30,20,32,50,873
4728,Mixed-use,9013,43,43,121,61,157,3358
1169,Mixed-use,1000,66,56,159,18,58,1127
3562,Mixed-use,2903,47,55,140,31,305,2446
1052,Industrial,1483,63,80,120,32,0,2044
3211,Commercial,6183,66,83,168,51,0,3659
2460,Commercial,2861,38,54,138,57,0,2777
3006,Commercial,3593,73,74,152,32,0,3350
4397,Mixed-use,3371,41,70,68,12,232,2801
1116,Residential,1251,17,99,145,9,98,2273
1789,Residential,1513,83,69,55,35,12,2015
1978,Residential,3640,84,60,46,56,112,2641
3458,Mixed-use,5840,54,84,131,48,11,2798
3098,Mixed-use,5079,36,58,174,67,119,2810
3360,Residential,5768,31,92,187,59,121,3688
3842,Residential,4602,63,66,57,10,80,3390
1939,Mixed-use,2641,39,53,188,51,120,1940
3310,Mixed-use,3183,89,96,175,30,297,2873
4419,Residential,1943,82,86,25,2,156,3908
4957,Residential,5738,87,31,154,41,406,5102
984,Commercial,1916,26,61,16,10,0,1434
1625,Industrial,1000,76,78,120,70,0,2715
642,Residential,1208,42,60,15,19,47,895
3991,Residential,5621,67,57,154,24,62,3119
1326,Industrial,1000,43,38,107,66,0,2105
1966,Residential,3238,82,56,162,49,156,2815
3038,Residential,4304,12,35,48,28,50,2708
3328,Residential,3109,13,98,78,3,255,3796
2685,Residential,1520,83,55,32,50,212,2879
2538,Industrial,3506,28,33,169,24,0,2799
4211,Mixed-use,6999,61,46,94,28,198,2660
1844,Commercial,2174,54,63,192,36,0,2441
1389,Mixed-use,2790,46,36,108,51,58,1620
3004,Commercial,3519,10,43,39,48,0,2625
2846,Commercial,5430,23,73,53,13,0,3176
3225,Residential,1409,24,61,157,59,317,4077
1973,Commercial,3091,19,76,88,70,0,2686
2881,Mixed-use,3149,29,88,32,36,204,2450
1771,Residential,1682,85,54,121,7,138,2088
2248,Residential,3429,60,62,50,22,209,3383
1552,Commercial,2848,90,61,147,26,0,1563
1790,Industrial,3094,56,83,162,45,0,2735
1822,Residential,2360,61,52,63,9,37,1575
1100,Residential,1938,80,36,37,45,29,998
1428,Residential,2058,57,79,42,69,71,1973
3938,Residential,6620,77,43,94,41,303,4715
4592,Industrial,2726,82,61,24,29,0,4874
4098,Commercial,1891,59,91,168,10,0,3581
1002,Residential,1000,19,78,165,52,86,1320
1676,Residential,3127,44,59,71,40,122,2311
2647,Mixed-use,4840,37,78,37,4,46,2149
963,Residential,1000,34,81,169,72,32,1519
1863,Residential,3453,12,99,177,17,65,2381
512,Residential,1000,13,84,75,25,37,1562
1801,Commercial,2790,62,61,43,69,0,2085
1146,Mixed-use,2083,83,71,163,23,110,1541
4067,Commercial,4821,62,69,41,22,0,3788
3265,Industrial,4786,29,85,81,27,0,4527
3501,Commercial,6919,47,86,126,47,0,3897
560,Commercial,1000,28,58,28,1,0,837
2182,Residential,2742,57,94,135,44,204,3261
4215,Residential,6643,55,48,168,43,167,4021
3575,Commercial,7484,78,31,121,7,0,3554
3021,Mixed-use,4016,89,68,191,13,156,2511
3762,Industrial,3794,25,50,139,44,0,4225
4411,Commercial,3826,76,50,144,27,0,3486
2367,Residential,3242,75,44,139,51,86,2222
4845,Commercial,4627,25,30,18,27,0,3861
2456,Mixed-use,4482,35,62,140,36,230,2293
4056,Mixed-use,2032,53,85,0,17,310,2716
828,Residential,1000,55,54,34,71,34,1306
1477,Residential,1000,83,66,159,32,144,2320
2028,Residential,1138,44,91,81,53,126,2900
1760,Commercial,2171,45,65,46,23,0,1679
2607,Mixed-use,2228,36,66,107,45,139,2366
3262,Mixed-use,7573,72,55,151,59,239,2660
3081,Mixed-use,3454,78,46,199,70,115,2359
2257,Residential,4727,36,86,191,57,134,3067
3565,Industrial,2667,60,50,81,32,0,3752
4447,Residential,5764,32,68,29,46,47,3324
941,Mixed-use,1000,68,34,89,71,69,859
1374,Mixed-use,2177,82,79,90,59,61,1369
3401,Mixed-use,4508,66,81,36,70,246,2906
3499,Mixed-use,3564,77,30,37,40,41,2304
1514,Residential,1066,31,56,101,7,72,2015
4219,Residential,3222,90,37,160,71,315,4104
2765,Mixed-use,3081,28,58,153,64,138,2360
2482,Residential,3686,88,53,142,42,86,2158
4500,Residential,5658,44,94,104,16,13,3768
1744,Mixed-use,3027,86,31,66,39,48,1191
2577,Residential,2757,22,57,7,7,14,2261
3275,Mixed-use,5426,59,94,118,12,175,2885
1027,Residential,1000,18,51,73,30,57,1480
4509,Residential,4942,71,65,37,65,292,4672
754,Mixed-use,1000,20,63,136,23,34,1169
3655,Industrial,5354,81,63,131,53,0,4174
3776,Commercial,4248,48,96,64,1,0,3917
617,Commercial,1000,55,55,81,5,0,1176
3531,Mixed-use,5219,77,96,29,69,131,3154
1882,Industrial,3153,45,37,166,29,0,2249
1685,Mixed-use,2537,47,78,117,57,87,1899
3921,Residential,5428,48,35,23,29,146,3363
4007,Residential,8084,13,88,40,49,32,3571
2807,Commercial,4809,45,39,81,5,0,2383
2966,Commercial,2372,80,53,2,16,0,2344
3288,Residential,3421,50,54,23,25,273,3662
4911,Mixed-use,7369,40,49,106,50,454,3507
797,Industrial,1214,52,67,25,7,0,1296
2639,Commercial,1047,79,54,17,70,0,2689
4454,Mixed-use,8167,32,65,165,33,300,3441
4777,Residential,5242,77,89,129,55,136,4027
4634,Commercial,5184,88,67,124,62,0,4002
4056,Residential,3878,23,56,116,18,255,4210
507,Commercial,1196,13,83,95,56,0,1032
4776,Residential,8483,54,36,67,55,77,3791
1449,Residential,2786,36,92,34,20,49,1677
571,Residential,1000,70,30,171,36,11,684
3423,Commercial,3078,60,62,161,65,0,3252
3556,Mixed-use,5201,87,92,43,50,139,2873
4798,Residential,5201,79,96,124,8,251,4966
915,Commercial,1000,41,59,129,1,0,1641
1648,Residential,2333,39,48,103,34,15,1522
3051,Industrial,2192,61,92,147,64,0,4451
4787,Industrial,9127,18,38,158,33,0,4812
3738,Residential,5552,48,57,190,11,185,3538
2255,Commercial,1777,80,96,123,56,0,2793
1388,Residential,1000,54,78,200,72,68,1680
989,Industrial,1000,44,84,56,38,0,1950
4469,Commercial,2469,76,36,51,18,0,3688
1936,Mixed-use,1528,53,52,40,62,25,1773
2630,Residential,1923,19,81,43,10,216,3120
1057,Residential,1000,86,54,179,15,40,1396
4469,Residential,3456,64,38,65,59,346,4529
4170,Residential,7270,88,85,167,48,211,4356
4906,Residential,6123,79,93,52,39,13,3978
1824,Residential,2954,84,63,179,51,72,2009
4219,Industrial,3799,,82,0,49,0,4781
1508,Residential,2154,,56,55,66,78,1903
2791,Residential,3556,54,56,168,51,240,3205
2962,Mixed-use,1874,83,54,165,36,173,2034
2717,Residential,3728,90,55,69,1,207,2796
4821,Residential,4928,15,75,74,66,246,4625
2990,Commercial,2433,15,78,69,27,0,2949
1175,Residential,2087,17,86,16,5,45,1380
4777,Residential,4463,59,58,9,65,250,4573
2503,Commercial,4213,20,67,193,25,0,2442
2646,Residential,4431,83,60,173,4,67,2551
3144,Residential,4096,81,59,159,6,270,3771
1128,Residential,2253,85,49,4,36,66,1412
2890,Commercial,3573,59,38,114,72,0,2740
2419,Residential,4112,57,86,16,1,239,3413
1261,Commercial,1000,36,98,47,55,0,1861
4743,Commercial,2767,53,81,0,50,0,4117
582,Residential,1000,65,37,76,1,39,674
891,Industrial,1863,20,85,72,67,0,2385
628,Mixed-use,1000,39,64,47,37,18,1061
3446,Industrial,5931,68,65,142,15,0,4206
3458,Residential,5829,80,51,100,24,54,2889
3357,Commercial,4031,52,33,37,66,0,3104
1385,Residential,1645,77,43,162,32,23,1649
3770,Residential,6548,25,90,161,53,26,3244
2670,Industrial,3907,66,98,68,66,0,3969
1732,Residential,3031,48,95,89,8,170,2924
2070,Residential,1768,23,72,161,5,206,3214
1073,Industrial,2218,74,75,75,56,0,2197
2849,Mixed-use,5434,77,75,176,28,151,2251
2581,Residential,3580,25,67,24,64,32,2701
2403,Residential,1000,53,99,115,1,93,2914
1070,Commercial,1435,34,73,181,65,0,1962
1314,Mixed-use,1531,87,89,8,34,24,2073
3575,Commercial,4779,40,33,156,48,0,2986
1588,Commercial,2452,19,86,4,6,0,2526
4850,Residential,6881,72,60,65,20,464,5557
4939,Commercial,3026,31,58,45,57,0,4296
4741,Commercial,5194,80,95,95,45,0,4954
3272,Commercial,3815,14,41,2,53,0,2890
4846,Residential,9094,55,63,1,62,285,4892
3445,Commercial,2807,20,52,126,48,0,3427
756,Commercial,1072,44,43,19,61,0,1238
2761,Industrial,2219,30,37,59,47,0,2674
3121,Industrial,1597,60,55,179,45,0,3622
2079,Mixed-use,3889,70,68,126,54,114,2123
4297,Industrial,2021,57,72,68,14,0,4567
2796,Residential,3535,75,41,8,66,98,2560
2785,Mixed-use,4109,19,42,106,60,172,2455
3032,Residential,4765,50,72,58,33,298,4001
2949,Residential,4057,23,58,19,20,54,2278
4516,Commercial,4411,14,44,103,47,0,3940
2112,Mixed-use,1871,65,72,115,15,104,1845
1708,Residential,1902,80,69,49,35,163,2494
2273,Residential,2707,87,89,89,70,84,2730
3021,Residential,4500,69,49,10,9,183,3485
661,Residential,1000,81,44,146,14,49,1328
4145,Industrial,6611,72,52,59,5,0,4215
4521,Mixed-use,6126,59,47,10,41,125,3515
2460,Residential,4535,16,60,132,5,242,3582
1575,Residential,2765,26,36,18,34,76,1917
2317,Residential,1994,88,57,42,53,166,2844
2635,Commercial,4055,65,43,86,60,0,2459
1189,Residential,2241,57,100,39,16,55,1892
700,Commercial,1053,70,33,39,41,0,1056
1904,Mixed-use,1903,51,48,42,39,47,1639
1773,Mixed-use,4270,88,61,45,60,100,1777
4485,Commercial,4969,62,50,170,54,0,3903
3028,Residential,4597,64,62,45,66,134,3261
4655,Industrial,7959,74,86,73,43,0,5728
2877,Residential,4735,10,72,174,47,23,2592
1696,Commercial,2971,66,87,75,40,0,2187
4121,Residential,4903,30,41,63,5,298,4296
1080,Residential,1478,43,44,176,19,60,1293
1773,Commercial,2412,64,73,105,45,0,2253
1965,Mixed-use,3658,90,32,49,35,163,1423
2923,Commercial,2966,74,49,40,50,0,2608
3617,Residential,5767,38,85,32,65,119,3479
1596,Commercial,1000,67,73,175,36,0,2126
2313,Residential,2314,82,49,138,29,131,2684
3742,Mixed-use,6825,66,46,104,59,343,3107
808,Residential,1000,32,43,2,23,71,1216
1582,Residential,2397,25,69,137,5,66,1914
2616,Residential,5680,73,78,38,52,233,3241
4163,Commercial,5378,75,96,158,57,0,4378
1370,Residential,1365,66,57,33,27,95,1677
1062,Residential,1326,42,93,198,16,29,1862
580,Commercial,1113,24,39,36,12,0,703
1397,Residential,1000,77,57,115,64,108,2001
2279,Commercial,1000,39,48,44,54,0,1922
3093,Mixed-use,3962,16,53,177,63,54,2489
3013,Residential,3991,87,31,169,30,162,2945
3624,Commercial,3537,73,49,72,67,0,3122
1929,Mixed-use,2590,86,79,112,17,154,2183
4378,Commercial,2463,68,87,37,51,0,4209
3991,Commercial,7465,27,80,124,41,0,4016
605,Commercial,1000,24,68,194,32,0,998
1114,Residential,1634,23,37,194,57,70,1532
2045,Commercial,3718,78,81,92,68,0,2536
2594,Residential,5316,89,53,176,6,100,2421
1182,Commercial,2182,67,51,24,23,0,1434
3396,Residential,5281,,67,75,23,256,3884
1422,Commercial,1064,,32,133,25,0,1689
2145,Commercial,3058,86,97,136,38,0,2594
4428,Commercial,3972,71,45,176,7,0,3729
1711,Commercial,2371,82,74,87,21,0,2342
4226,Residential,6709,10,34,116,38,411,5143
3467,Residential,4802,86,44,80,30,184,3479
1486,Residential,2630,44,40,94,55,60,1719
2921,Residential,2384,69,81,162,49,74,2441
4432,Residential,6535,49,33,142,16,133,3514
2864,Residential,2523,76,59,35,23,86,3011
1219,Industrial,2879,78,72,38,71,0,2769
2294,Residential,4723,62,47,134,31,86,2373
3218,Residential,6196,30,61,111,24,288,4254
2284,Industrial,2087,30,40,189,48,0,2427
4976,Residential,3275,57,36,114,52,479,5251
4073,Residential,5463,29,88,81,72,402,5466
4336,Residential,2606,29,53,122,54,71,3631
3456,Commercial,2893,38,40,7,38,0,3107
2148,Mixed-use,1164,80,83,197,31,153,1795
2299,Residential,2782,19,47,149,41,21,1976
904,Residential,1000,14,64,89,40,53,1802
2608,Residential,3254,60,100,4,20,56,2726
4732,Mixed-use,5411,50,81,68,21,318,3409
4405,Commercial,8146,29,93,173,24,0,4600
2241,Mixed-use,3927,22,76,60,61,175,2191
1161,Residential,1000,25,62,26,12,86,1653
4413,Mixed-use,7316,88,96,114,16,318,3524
3161,Residential,4831,44,49,149,13,157,3019
1615,Mixed-use,1000,62,99,57,14,47,1804
3846,Commercial,7474,82,40,70,61,0,3536
5000,Commercial,7451,77,55,10,71,0,4165
1454,Mixed-use,1018,75,91,35,43,133,1819
2397,Residential,1321,48,35,191,37,148,2472
2431,Mixed-use,2938,33,73,170,46,187,2419
3991,Residential,6578,43,76,120,64,244,4249
4283,Residential,3083,85,86,4,11,32,3456
4229,Mixed-use,2889,22,90,184,23,258,3648
4469,Residential,5481,66,88,54,65,178,4590
1841,Mixed-use,2188,31,85,27,10,31,2126
4683,Residential,4169,17,44,150,60,126,4099
4288,Residential,5669,23,92,141,23,349,5293
770,Residential,1000,12,54,90,58,49,1835
2313,Residential,2107,23,73,140,52,20,2264
2696,Mixed-use,1738,30,98,183,67,56,2321
3935,Commercial,7181,69,32,73,10,0,3679
1099,Residential,1469,68,40,143,69,10,897
3720,Residential,4614,74,58,7,59,195,3694
3542,Mixed-use,3130,28,53,147,1,124,2530
2578,Residential,5551,19,34,187,36,150,2627
4141,Industrial,6227,43,76,13,20,0,4594
2085,Commercial,3862,47,39,176,5,0,2303
3096,Mixed-use,3958,61,60,149,14,153,2223
2843,Commercial,1779,12,39,2,31,0,2621
1543,Mixed-use,2366,64,49,190,18,25,1305
886,Residential,1000,29,43,31,8,41,1106
1891,Residential,1653,57,52,184,17,29,1959
3024,Residential,2536,77,87,81,17,196,3472
889,Industrial,1361,20,88,73,58,0,2097
3611,Mixed-use,4907,64,80,168,50,313,3037
2357,Industrial,3566,55,33,21,11,0,2551
4265,Residential,3113,67,41,194,38,368,4950
1417,Residential,1956,11,81,145,29,120,2364
1856,Commercial,1000,23,63,188,19,0,2399
4840,Residential,7303,72,38,139,66,404,5261
3239,Mixed-use,4784,54,81,103,67,115,2623
880,Residential,1000,33,96,60,28,79,1804
2429,Residential,1000,80,30,55,49,200,2399
4586,Commercial,8910,12,85,30,48,0,4741
4696,Residential,5535,39,64,155,54,165,4227
4134,Industrial,7265,19,58,8,2,0,4631
3272,Mixed-use,2179,86,62,196,26,227,2422
3743,Residential,2884,69,70,79,72,60,3275
1558,Residential,2381,25,62,90,3,142,2247
3885,Commercial,2164,12,53,182,40,0,3419
2916,Residential,2902,65,50,18,1,192,3044
3350,Commercial,4029,58,98,54,32,0,3289
3038,Commercial,4761,84,54,130,58,0,2889
4915,Mixed-use,5083,89,53,192,39,397,3338
3274,Residential,5018,84,71,73,11,298,4099
3504,Commercial,5019,59,43,35,70,0,3172
796,Industrial,1000,27,31,109,2,0,969
1389,Residential,2186,58,41,156,30,30,1435
4399,Industrial,2807,38,57,184,48,0,4624
3338,Commercial,3339,58,33,60,48,0,2720
4247,Residential,8183,65,91,149,6,394,5464
3596,Mixed-use,5634,45,62,119,68,33,3004
744,Residential,1268,15,94,23,9,59,1486
4644,Commercial,4232,58,82,31,20,0,4397
4606,Commercial,7169,36,84,176,72,0,4583
1958,Commercial,1581,23,61,77,62,0,2494
1639,Commercial,2843,46,71,27,43,0,1887
4222,Residential,7597,52,38,143,35,229,3788
2790,Commercial,5388,61,72,3,63,0,3146
2296,Mixed-use,3841,12,86,194,66,19,2296
2052,Mixed-use,2556,36,72,108,51,73,1670
1941,Industrial,4297,29,85,10,49,0,3371
2486,Residential,1000,45,41,94,43,194,2888
3312,Mixed-use,3557,43,52,49,71,25,2541
4235,Industrial,3116,11,87,200,47,0,4882
1684,Commercial,2275,33,90,102,47,0,2522
1288,Commercial,2322,23,44,121,67,0,1995
1884,Mixed-use,2755,,41,107,50,92,1519
1707,Commercial,2302,,65,84,22,0,1857
3610,Mixed-use,7616,73,71,44,64,171,2968
4732,Mixed-use,5790,52,40,8,71,349,2994
2658,Residential,5746,11,96,174,44,22,3166
3751,Residential,2947,86,74,71,72,115,3536
2217,Commercial,4769,25,33,91,64,0,2301
4372,Residential,2245,37,34,190,38,316,4452
2599,Commercial,2602,58,97,91,39,0,2913
2709,Mixed-use,2443,12,41,104,50,203,1969
2809,Residential,2092,58,99,42,21,246,3801
4552,Industrial,4421,56,49,56,8,0,4609
4492,Mixed-use,4218,46,54,172,35,440,3207
1687,Commercial,2815,87,85,111,54,0,2507
1118,Industrial,1809,12,89,177,37,0,2326
3779,Mixed-use,8148,46,48,51,33,180,2925
1214,Residential,2276,77,51,74,64,76,1717
1418,Industrial,2323,31,31,64,49,0,1750
4987,Mixed-use,7603,46,97,49,42,93,3908
3640,Residential,6065,50,47,28,51,276,4079
2083,Residential,1884,86,87,185,45,158,2656
4789,Commercial,5621,63,31,51,36,0,4327
2413,Commercial,3169,68,41,106,40,0,2344
2133,Residential,3287,22,67,36,8,67,2210
4165,Industrial,2935,33,95,111,34,0,4817
4476,Industrial,7602,75,33,153,35,0,4600
3301,Residential,1815,74,32,7,31,287,3334
2712,Residential,1859,82,67,66,44,171,2733
1984,Mixed-use,1000,23,40,136,70,183,1984
2347,Residential,2536,58,92,11,12,80,2902
3370,Commercial,6647,63,82,78,56,0,3660
3274,Residential,5231,88,63,167,15,195,3647
3068,Residential,1426,33,55,54,68,35,2673
636,Mixed-use,1000,88,57,45,14,42,853
801,Industrial,1000,39,47,42,44,0,1406
2096,Residential,1458,37,51,190,23,104,2339
1484,Commercial,1000,84,80,128,4,0,2073
3638,Commercial,5176,13,31,74,14,0,3061
4437,Commercial,5128,67,79,169,18,0,4417
1531,Industrial,1830,15,46,76,51,0,2139
2972,Residential,4136,90,47,92,25,248,3294
993,Mixed-use,1000,60,86,135,13,98,1268
2327,Commercial,1564,65,36,150,19,0,2048
3257,Mixed-use,5019,25,95,31,41,88,3042
1080,Commercial,1981,25,74,102,12,0,1335
3510,Commercial,3579,47,93,157,57,0,3880
4684,Commercial,7003,83,91,118,58,0,4607
4165,Residential,8062,10,45,86,3,69,3642
3417,Residential,5639,87,94,65,12,25,3102
1498,Industrial,1374,50,42,171,52,0,2035
1891,Commercial,3298,,94,149,62,0,2412
626,Industrial,1607,,54,109,66,0,1464
1632,Residential,1236,65,84,127,24,160,2600
874,Commercial,1000,36,65,37,54,0,1644
966,Residential,1000,13,60,74,3,35,1575
2961,Mixed-use,2584,53,38,22,24,107,2384
4089,Mixed-use,2166,87,78,58,1,387,2540
2765,Residential,2098,17,35,170,12,236,3360
2418,Mixed-use,2870,52,57,197,4,155,2031
4437,Mixed-use,5788,28,76,176,35,356,3766
4800,Mixed-use,7343,87,42,181,43,326,3180
1037,Commercial,1469,79,92,164,34,0,1999
2140,Commercial,3891,18,84,50,46,0,2731
4623,Residential,7815,22,56,39,66,350,5420
4728,Mixed-use,4526,17,52,181,62,212,3280
3337,Mixed-use,3733,82,100,68,26,271,2823
1745,Mixed-use,1579,74,94,116,7,46,1887
4328,Commercial,4973,21,92,192,60,0,4507
2794,Residential,4305,59,70,17,56,58,2876
3336,Mixed-use,4200,17,91,119,31,248,2841
4999,Residential,10559,88,51,111,59,193,5195
1743,Residential,2156,74,100,159,29,22,2285
1825,Residential,1175,85,97,36,62,98,2486
3476,Mixed-use,3110,54,32,146,2,29,2379
3873,Industrial,4204,86,53,28,12,0,3653
4835,Residential,6331,43,97,175,14,365,5948
1686,Residential,2084,53,65,184,30,96,1787
3657,Residential,7180,35,37,114,60,226,3943
4136,Mixed-use,6003,56,71,61,27,87,3187
2253,Residential,3813,33,48,70,39,197,2840
4860,Residential,5376,45,33,28,68,162,3749
3945,Industrial,6161,81,49,171,13,0,4383
2235,Residential,2930,14,92,39,69,81,3016
4620,Mixed-use,6499,34,51,88,29,124,2984
4572,Commercial,6241,31,98,37,52,0,4713
4727,Mixed-use,7653,40,37,155,36,352,3096
1332,Industrial,1323,60,73,22,18,0,2610
4326,Residential,8707,13,42,48,9,180,3947
4542,Residential,1880,36,37,73,46,164,3870
1048,Residential,1630,43,75,41,41,74,2028
1096,Commercial,1000,63,39,19,50,0,1328
1232,Residential,1687,47,75,160,33,51,1683
834,Industrial,1000,59,43,12,30,0,947
3423,Residential,3951,32,67,54,52,195,4023
2005,Commercial,3316,68,76,96,29,0,2629
3283,Residential,5634,80,75,75,22,12,2754
1088,Industrial,1000,81,79,182,56,0,2388
3573,Commercial,6802,61,94,111,9,0,3556
3978,Commercial,7054,42,56,58,26,0,3836
1880,Commercial,3215,78,100,70,68,0,2486
723,Residential,1141,40,71,60,42,63,1385
1869,Residential,1000,28,91,97,60,96,2612
3796,Residential,3865,77,96,40,24,201,3800
3341,Residential,3308,54,32,59,64,183,3056
4087,Residential,5567,26,59,35,43,151,3900
4903,Residential,4663,42,84,159,1,70,3701
3391,Residential,4730,84,71,145,24,37,3004
3472,Residential,5682,56,66,141,16,115,3514
4877,Residential,6796,33,74,178,34,126,4165
4922,Residential,3034,43,93,94,4,86,4061
1270,Residential,1748,51,35,108,61,83,1983
1023,Mixed-use,1093,16,70,53,37,70,1593
1757,Commercial,1019,35,44,65,69,0,1857
3581,Commercial,5701,89,76,135,32,0,3712
1705,Mixed-use,1353,29,100,89,5,26,1582
2907,Residential,3258,89,42,131,31,80,2732
3245,Mixed-use,6496,31,97,50,25,89,3094
1799,Mixed-use,2429,54,88,174,1,147,1928
1492,Commercial,1767,47,33,41,53,0,1621
4506,Mixed-use,2930,39,99,57,25,141,3709
1645,Residential,3122,63,81,141,50,58,2055
3537,Mixed-use,3432,77,51,82,36,316,2321
1732,Commercial,2074,39,89,145,1,0,1912
3001,Commercial,1488,56,87,163,6,0,3445
4061,Industrial,6612,18,39,128,11,0,4168
758,Commercial,1161,54,74,22,57,0,1742
1029,Residential,1059,49,72,174,35,38,1636
4560,Residential,9163,54,93,28,4,341,5414
4150,Residential,3928,51,30,23,31,183,3739
2653,Residential,5053,28,84,12,51,169,3128
2495,Residential,3245,48,56,125,3,191,2864
2518,Industrial,1585,21,77,131,34,0,3637
1361,Commercial,2202,10,50,70,66,0,1775
2811,Commercial,3591,71,100,0,13,0,2952
4634,Mixed-use,7692,67,58,137,38,345,3444
4393,Industrial,6551,65,44,14,3,0,4666
3593,Mixed-use,3364,20,97,101,51,177,3089
2797,Commercial,5063,42,95,184,15,0,3513
4683,Commercial,8813,62,63,154,36,0,4383
2918,Commercial,4454,66,41,25,54,0,2431
4332,Residential,2695,84,39,144,38,343,4486
4388,Commercial,8194,71,95,31,24,0,4191
2136,Residential,1000,73,93,153,3,130,2902
1181,Residential,2302,26,51,175,60,19,1818
571,Commercial,1000,47,93,193,19,0,1899
1749,Residential,3166,80,41,109,48,32,1561
2282,Commercial,1359,72,38,2,44,0,1963
3075,Residential,2532,58,95,92,72,73,3478
3914,Residential,3369,47,32,42,8,42,2628
2286,Residential,2463,80,37,176,29,134,2091
3121,Industrial,4655,27,89,50,25,0,4438
672,Residential,1000,76,75,160,52,11,1117
2025,Mixed-use,3079,21,42,80,32,79,1514
4262,Mixed-use,7939,64,79,124,16,380,3383
4163,Mixed-use,2330,27,74,29,57,77,2998
2537,Residential,4099,18,92,28,36,77,2909
4063,Commercial,3208,35,36,119,5,0,3286
1292,Residential,1057,70,95,77,56,122,2398
4367,Residential,6274,82,66,83,14,347,5088
2035,Residential,1288,44,95,104,38,85,2478
1418,Commercial,1351,44,31,153,71,0,1384
2729,Residential,5260,90,75,41,13,176,3238
2160,Residential,3714,11,36,39,28,111,1845
1843,Commercial,2054,26,69,44,50,0,2261
4043,Commercial,3301,30,43,116,63,0,4063
3368,Mixed-use,2936,27,44,199,18,268,2183
2431,Mixed-use,3396,76,77,104,34,157,1916
1773,Commercial,1236,54,90,66,4,0,1800
3848,Residential,1996,83,37,23,56,181,3085
1807,Commercial,3210,52,75,126,15,0,2045
1360,Mixed-use,2519,69,52,188,1,72,1420
4994,Commercial,8295,45,44,183,42,0,4105
3279,Residential,5625,29,70,185,9,202,3767
4749,Mixed-use,6293,31,93,78,60,13,3810
1813,Mixed-use,1326,75,95,156,30,124,2100
744,Industrial,1477,46,91,73,21,0,1965
840,Commercial,1764,17,43,152,40,0,1535
4257,Residential,8377,45,71,67,51,419,5365
3794,Mixed-use,6886,67,80,170,7,60,2949
2494,Commercial,2520,18,40,53,15,0,2312
858,Residential,1000,89,48,78,69,33,1052
4188,Residential,6753,14,74,32,65,317,4667
3588,Residential,2500,60,52,176,49,149,3415
4633,Residential,1922,77,55,102,61,120,3588
682,Industrial,1249,60,79,100,28,0,1885
4913,Commercial,10470,25,85,151,58,0,4870
4145,Commercial,3713,52,43,93,25,0,3550
4973,Commercial,6607,47,88,156,18,0,4543
3661,Commercial,3879,22,99,175,14,0,3868
1731,Residential,1134,30,76,13,9,149,2539
4293,Mixed-use,2773,83,47,96,64,232,2836
1046,Mixed-use,1000,56,47,134,30,89,985
4837,Residential,4527,43,74,104,29,47,3804
3789,Industrial,3850,88,81,197,23,0,4668
2786,Mixed-use,3834,18,60,143,65,154,2452
3469,Residential,5098,65,79,29,18,213,3808
1586,Residential,2033,76,37,122,14,41,1490
4863,Mixed-use,3355,17,88,48,65,172,3499
1755,Residential,2806,58,35,63,28,116,2089
3152,Commercial,3060,34,44,22,27,0,2871
2849,Industrial,5228,48,68,199,17,0,3492
4356,Residential,7336,46,97,41,40,293,5211
1267,Commercial,1660,63,30,136,28,0,1536
999,Residential,1338,83,51,186,23,80,1559
1093,Commercial,1848,82,58,97,34,0,1670
2178,Residential,2186,81,69,158,22,52,1771
4138,Mixed-use,5101,82,45,117,44,266,3092
755,Residential,1018,37,63,169,7,40,914
2473,Residential,5284,60,79,29,55,218,3474
3027,Residential,6048,15,96,150,54,244,4438
3425,Residential,4135,13,98,111,20,78,3288
1967,Residential,1985,72,39,108,26,169,2275
1572,Mixed-use,2110,70,91,198,72,31,2336
2800,Commercial,3814,36,43,96,18,0,2663
1466,Mixed-use,2834,34,31,11,71,46,1414
4436,Residential,8977,21,71,3,3,411,5324
3683,Residential,6146,40,60,82,31,342,4299
3332,Residential,3744,26,98,15,32,313,4693
4023,Residential,5416,20,82,166,29,248,4283
3097,Industrial,3253,90,74,50,9,0,3734
4375,Industrial,7250,57,44,8,41,0,4766
1975,Industrial,1821,,31,193,14,0,2510
3431,Mixed-use,2347,,67,127,48,248,2727
3624,Residential,2739,,77,38,68,55,3166
932,Commercial,1000,60,56,41,48,0,1175
4607,Commercial,2153,87,89,59,41,0,4296
2573,Commercial,4090,36,51,150,35,0,2403
1962,Commercial,4314,19,48,119,31,0,2093
4038,Residential,5373,34,33,167,61,358,4415
4049,Mixed-use,4155,45,41,128,65,286,2994
2873,Residential,2156,53,82,107,28,135,2864
1853,Industrial,2986,62,47,125,1,0,2439
4620,Commercial,3554,19,83,172,33,0,4369
3290,Residential,4286,48,80,47,25,240,3975
3519,Residential,5108,67,37,147,60,138,3617
1417,Commercial,1408,26,33,15,37,0,1756
4900,Residential,4403,18,98,82,65,364,5720
4105,Industrial,6644,51,91,92,25,0,4960
3712,Commercial,3337,31,80,65,54,0,3598
2158,Residential,4231,35,88,10,69,135,3046
1774,Residential,2086,43,47,113,38,166,2583
4394,Residential,7492,31,67,43,68,37,3763
1689,Commercial,2007,44,43,44,56,0,1526
4912,Mixed-use,3984,54,85,122,39,87,3863
3186,Residential,4317,73,47,60,58,168,3663
901,Commercial,1283,52,31,123,12,0,850
1593,Commercial,2238,44,85,56,39,0,2468
2583,Mixed-use,4118,77,46,117,47,233,2236
3609,Commercial,7298,63,99,142,46,0,3610
4646,Commercial,6691,23,81,126,72,0,4217
2839,Mixed-use,3035,82,46,133,24,90,2123
1806,Mixed-use,1000,65,96,6,72,158,1696
3906,Industrial,5222,71,48,159,15,0,4561
2911,Mixed-use,4144,10,64,87,28,177,2483
630,Residential,1000,20,82,92,56,41,1390
4459,Residential,4830,32,78,7,59,100,3852
4481,Mixed-use,6717,37,83,72,44,359,3190
2461,Residential,1558,88,86,198,30,89,2622
3966,Commercial,3426,54,48,21,7,0,3532
726,Residential,1597,50,95,21,51,39,1956
4500,Residential,5936,38,56,119,41,160,4168
3193,Residential,1410,53,64,155,29,143,3051
2368,Industrial,2100,52,41,38,9,0,2363
3771,Residential,3292,30,98,91,69,95,3413
1589,Commercial,1830,55,89,55,4,0,1833
3293,Mixed-use,2490,28,49,160,27,14,2294
981,Residential,1947,54,67,125,6,73,1659
2942,Commercial,3526,60,89,132,3,0,3289
2630,Residential,1439,85,80,197,24,243,3583
2989,Residential,4592,51,76,185,58,196,3275
1066,Commercial,2248,84,87,62,27,0,1599
4596,Residential,5536,49,67,100,7,273,4846
744,Residential,1031,27,79,156,26,50,1340
832,Mixed-use,1000,51,57,64,59,26,1041
900,Commercial,2676,84,39,198,13,0,1123
1472,Commercial,1000,53,65,73,70,0,1880
2224,Residential,1000,35,65,102,70,77,2578
2194,Residential,1771,29,78,61,6,199,2826
2170,Residential,1562,76,38,106,41,44,1908
2653,Industrial,3697,17,49,160,56,0,3299
3539,Residential,2419,52,96,16,24,49,3034
2368,Commercial,3287,27,79,170,50,0,2717
3964,Residential,2263,56,96,87,43,188,3935
1349,Residential,1637,33,77,153,61,79,1988
3810,Mixed-use,4611,65,44,70,50,71,2796
3263,Mixed-use,1569,20,43,157,31,237,1970
1100,Commercial,1743,89,72,127,56,0,2230
2711,Commercial,3329,35,50,18,27,0,2329
3011,Residential,6288,90,58,189,7,237,3624
1449,Residential,1762,34,76,134,22,47,1854
3507,Commercial,5413,90,46,31,12,0,3250
4521,Residential,4023,85,95,61,60,329,5478
821,Commercial,1000,87,44,134,7,0,1059
4707,Commercial,4692,16,45,31,4,0,4179
3222,Mixed-use,5276,48,81,198,58,178,2956
3029,Residential,5022,78,39,36,60,150,3022
4136,Residential,3026,45,70,40,16,182,3868
1808,Residential,3325,41,64,107,67,89,2139
2542,Residential,3899,53,34,105,5,142,2394
1854,Commercial,1625,57,70,36,32,0,2106
770,Mixed-use,1000,22,91,14,2,38,1413
2129,Mixed-use,1824,70,73,86,33,123,1777
2041,Industrial,1685,14,61,17,22,0,2310
4266,Residential,4304,78,100,51,20,353,5708
880,Residential,1343,79,64,88,39,35,1359
3285,Residential,2226,27,38,185,13,214,3495
4538,Residential,3917,38,36,109,10,400,4897
4003,Industrial,2865,76,81,25,35,0,4471
3291,Residential,3890,47,70,90,25,175,3286
1386,Residential,2579,74,81,18,71,32,1763
3920,Mixed-use,5652,21,76,109,55,93,3223
3118,Commercial,6481,11,52,61,19,0,3222
2405,Commercial,3629,79,83,161,17,0,2599
2799,Residential,3606,27,42,162,35,103,2607
3766,Residential,1882,40,38,117,32,175,3409
4514,Mixed-use,9306,46,31,103,30,21,3299
4818,Commercial,7685,18,58,135,20,0,4588
741,Commercial,1000,76,90,60,38,0,1559
1826,Residential,2438,11,58,154,22,64,2135
4080,Mixed-use,6016,36,68,66,40,215,3131
612,Commercial,1122,70,70,128,43,0,1310
960,Residential,2001,64,84,126,19,20,1364
1037,Mixed-use,1855,54,59,37,45,62,1285
4380,Commercial,5732,23,93,118,7,0,4184
2107,Residential,1894,22,75,87,65,127,2647
1253,Mixed-use,1740,29,33,22,51,99,1082
4841,Commercial,7245,66,61,12,57,0,4664
652,Residential,1000,38,42,10,56,56,1228
4854,Mixed-use,8428,14,72,194,22,241,3554
2438,Residential,4003,81,89,191,7,13,2141
1345,Commercial,1123,63,32,52,62,0,1324
931,Residential,1000,30,47,165,36,66,1418
996,Commercial,1429,28,88,73,5,0,1877
2038,Residential,1000,84,36,46,8,11,1281
2197,Residential,2488,27,79,148,12,188,3236
3494,Residential,6205,87,39,163,33,260,3929
1237,Commercial,1000,59,57,113,27,0,1621
1811,Residential,2422,37,38,43,30,136,2058
1595,Residential,1950,56,48,161,65,78,2203
4915,Residential,5567,60,74,133,24,226,4641
1965,Residential,3587,24,75,26,49,81,2466
2355,Commercial,1000,37,71,193,72,0,2206
866,Mixed-use,1000,41,96,154,61,60,1660
1980,Residential,1775,32,51,152,67,118,2402
4641,Mixed-use,8625,45,38,178,69,118,3311
1184,Residential,1000,34,71,167,61,107,2134
1392,Commercial,2825,72,78,141,7,0,2272
575,Residential,1259,27,58,127,18,43,1216
3258,Residential,5765,84,57,72,39,101,2577
3759,Residential,7804,18,89,199,66,152,4147
3743,Commercial,4000,64,73,105,62,0,3877
927,Mixed-use,1334,43,31,131,61,15,1112
1575,Residential,2174,41,90,68,35,138,2390
2018,Residential,2065,55,85,139,42,188,3084
727,Commercial,1499,83,72,75,13,0,1271
4362,Mixed-use,2553,30,34,41,42,251,2723
4424,Residential,8074,49,36,65,48,267,4564
3167,Residential,3577,75,50,118,45,95,2978
3810,Residential,4399,46,100,134,5,246,4353
1041,Mixed-use,1547,12,70,10,13,29,1486
2393,Residential,2963,85,41,2,20,185,2722
501,Commercial,1000,11,57,135,69,0,1050
4812,Industrial,7059,82,46,136,65,0,5303
2986,Commercial,4815,29,67,2,10,0,3086
3322,Mixed-use,5285,21,78,187,35,294,2760
1125,Residential,1018,41,30,103,55,67,1409
3001,Residential,4163,10,87,114,10,290,4055
2074,Residential,1000,53,88,5,69,15,2281
4015,Residential,2618,33,76,31,2,257,4171
3699,Commercial,6347,90,31,23,22,0,3015
1282,Mixed-use,1709,48,73,5,12,114,1107
3705,Commercial,7049,32,87,10,69,0,4072
2431,Commercial,1637,43,88,67,31,0,2726
2204,Residential,2513,39,42,24,32,16,1652
4849,Residential,3646,28,56,31,36,340,4957
2940,Residential,4901,55,99,93,51,170,3882
1317,Industrial,1327,59,37,47,39,0,1700
3596,Commercial,5357,41,46,58,61,0,3131
3810,Residential,4543,36,72,189,34,186,3859
4325,Residential,5927,42,52,8,8,299,4378
4277,Commercial,6349,43,33,8,43,0,3196
1045,Residential,1150,78,62,141,35,48,1674
2306,Residential,3978,53,92,192,40,43,2271
909,Residential,1479,36,72,89,64,20,1391
1504,Residential,1329,73,48,13,24,145,1958
984,Residential,1007,13,57,69,67,49,1650
2253,Mixed-use,2121,72,30,190,47,82,1782
1284,Mixed-use,1000,11,34,134,22,72,1198
2431,Mixed-use,1119,73,51,139,15,149,1842
902,Commercial,1000,34,78,149,56,0,1214
3809,Residential,4423,89,82,9,20,46,2680
2678,Residential,3406,78,82,148,9,109,2929
2363,Mixed-use,2744,16,37,84,44,224,1829
3121,Residential,5170,23,100,113,18,128,3680
2522,Commercial,2150,45,86,127,41,0,3161
2623,Residential,4684,11,32,54,10,169,3102
2962,Commercial,3355,47,60,21,48,0,2847
2586,Mixed-use,3853,46,83,17,23,25,2206
3227,Mixed-use,2969,69,57,184,44,150,2533
1802,Industrial,3488,60,85,2,61,0,2737
1104,Commercial,1407,35,51,109,26,0,1346
1591,Mixed-use,1508,21,57,163,1,65,1713
946,Residential,1341,66,74,3,64,78,2096
3459,Mixed-use,5300,75,64,49,48,313,3081
2608,Residential,3333,54,45,112,67,10,2544
3664,Residential,3082,25,87,48,28,239,4106
1890,Residential,3863,74,38,181,35,80,1826
641,Residential,1035,26,35,41,67,38,1078
1878,Residential,2636,72,88,57,62,184,3071
2297,Industrial,4407,18,47,100,50,0,2647
2776,Commercial,5049,85,86,58,43,0,3192
1391,Commercial,2743,25,84,137,50,0,2236
4614,Commercial,2683,37,75,24,8,0,4345
1059,Mixed-use,1130,88,70,103,12,56,920
2314,Mixed-use,2656,26,73,158,69,78,2250
3850,Mixed-use,3023,36,63,175,24,272,2697
2734,Commercial,2053,40,41,162,22,0,2522
1146,Mixed-use,2924,26,54,87,51,90,1321
4214,Commercial,2660,42,81,3,22,0,3928
4544,Residential,7502,55,59,127,33,146,4020
1289,Mixed-use,2486,85,73,63,52,112,1496
3806,Mixed-use,1810,69,92,186,12,99,3157
3275,Mixed-use,2603,45,47,162,5,323,2391
2515,Residential,2508,80,55,57,47,56,2187
4705,Commercial,3013,78,55,47,60,0,4322
2187,Residential,3462,90,30,127,57,158,2600
4226,Mixed-use,6952,31,86,61,70,107,3571
809,Commercial,2114,70,42,17,48,0,863
4143,Residential,8104,20,60,80,37,315,4756
3217,Mixed-use,4538,37,93,55,4,159,2419
4953,Residential,4372,56,63,61,62,305,4776
1966,Mixed-use,3035,76,91,41,50,138,1953
868,Mixed-use,1238,23,88,75,70,32,1478
1609,Commercial,2081,32,88,156,10,0,2245
771,Mixed-use,1163,50,92,120,34,67,1360
3086,Residential,4641,45,57,172,15,171,3127
4520,Residential,3889,76,31,199,71,233,4051
1842,Mixed-use,2853,58,65,82,63,123,1691
2740,Residential,1293,45,32,112,30,241,3066
1591,Mixed-use,2432,56,84,128,18,19,1671
605,Mixed-use,1000,90,46,25,52,54,838
2895,Residential,3642,30,99,127,30,206,3671
2205,Residential,2523,72,32,138,48,43,1752
3344,Commercial,5887,65,63,177,55,0,3246
1284,Commercial,1571,12,73,192,14,0,1899
4681,Commercial,4878,38,90,142,17,0,4490
3475,Residential,3533,64,79,113,67,145,3396
1364,Residential,1000,68,38,131,15,92,1526
1088,Residential,1645,31,75,137,32,11,1517
870,Mixed-use,1044,14,73,65,64,34,1071
3211,Residential,3502,21,33,89,49,125,2678
2634,Commercial,3590,51,40,97,24,0,2694
4985,Commercial,6568,37,86,74,34,0,4524
2331,Commercial,3804,53,62,115,21,0,2296
2675,Mixed-use,1542,90,100,89,29,16,2307
2693,Residential,2323,40,36,53,50,123,2534
2341,Mixed-use,2102,65,56,112,46,167,2053
890,Commercial,1000,23,72,73,13,0,1460
1969,Commercial,3633,24,58,120,17,0,2012
2503,Commercial,2135,61,99,184,67,0,3053
3772,Industrial,7663,65,63,61,16,0,4015
3475,Mixed-use,5969,15,68,184,61,38,2385
1357,Residential,2209,62,37,27,3,110,1928
3690,Residential,1574,47,45,115,64,149,3347
2938,Residential,4154,43,44,120,24,42,2350
971,Residential,1871,76,39,184,71,67,1170
3160,Industrial,6285,46,72,75,14,0,3887
4698,Commercial,5152,49,93,109,1,0,4309
1782,Residential,3211,33,57,106,4,133,2541
3808,Residential,6197,81,63,59,29,210,3834
3567,Mixed-use,6405,55,39,121,22,225,2794
1569,Residential,1157,13,87,109,1,131,2192
4930,Mixed-use,3526,88,45,14,10,34,3181
2090,Residential,3172,34,81,200,35,103,2991
4154,Residential,6879,42,34,71,71,390,4969
2455,Commercial,5749,83,88,173,54,0,3140
4225,Commercial,8434,23,53,108,46,0,4065
2274,Commercial,2804,37,43,169,7,0,2545
4054,Residential,7654,25,36,6,66,217,4028
1664,Mixed-use,2622,48,93,164,8,121,2165
4181,Residential,3016,81,73,31,45,334,4911
3949,Commercial,4257,89,64,160,19,0,3629
4430,Mixed-use,3310,55,48,150,19,349,2907
4723,Industrial,4342,11,39,173,23,0,4896
945,Commercial,1000,44,42,39,50,0,973
4784,Commercial,6059,40,83,142,49,0,4534
3659,Mixed-use,6322,62,43,73,34,286,3248
3020,Industrial,6234,72,48,36,6,0,2996
2311,Mixed-use,2764,31,76,104,45,176,2140
516,Residential,1000,34,70,53,37,36,978
4946,Residential,8794,43,62,156,1,483,5854
4278,Mixed-use,3100,76,32,93,21,181,2553
3392,Residential,6007,67,61,136,12,242,4052
3113,Residential,4080,72,86,166,42,193,3987
1456,Residential,1706,30,58,5,26,41,1549
4476,Residential,1951,45,93,154,32,116,3860
2891,Residential,2674,,38,75,68,185,2804
735,Industrial,1313,,80,57,30,0,2089
738,Commercial,1991,,74,153,39,0,1547
4417,Residential,3740,28,91,33,9,305,4852
4145,Commercial,2044,79,64,9,70,0,3532
1799,Residential,1000,86,91,53,39,50,2187
1993,Commercial,3485,45,43,49,34,0,2455
4388,Commercial,7084,77,33,145,56,0,4049
501,Commercial,1036,29,69,3,39,0,988
3103,Mixed-use,5957,21,62,69,56,167,2560
3640,Commercial,4036,77,61,189,26,0,3385
4696,Residential,8386,76,84,26,12,352,5351
4761,Industrial,4778,82,65,25,27,0,4783
788,Commercial,1000,11,32,189,13,0,1057
1625,Residential,3060,39,76,70,32,152,2863
520,Mixed-use,1000,78,33,57,12,46,578
1446,Industrial,1662,38,49,75,60,0,1764
1441,Residential,1466,55,41,196,72,35,1333
4486,Mixed-use,5460,23,66,0,21,361,3060
4635,Residential,2492,28,38,162,7,431,5095
1796,Commercial,1699,70,100,178,63,0,2592
2841,Residential,2400,89,76,34,13,48,2072
787,Residential,1000,49,98,139,7,40,1748
1453,Mixed-use,2099,24,65,155,37,48,1904
3229,Residential,2480,19,48,130,31,93,2868
4041,Commercial,7944,89,74,147,59,0,4074
1631,Industrial,2902,56,91,55,61,0,3424
1363,Commercial,1479,15,61,92,26,0,1671
504,Residential,1000,17,63,187,59,10,891
1045,Mixed-use,2064,30,53,32,4,56,989
2763,Mixed-use,3695,48,36,165,30,44,2058
4933,Commercial,3616,14,50,159,50,0,4254
840,Commercial,2001,50,45,138,66,0,1586
4890,Industrial,7085,88,94,133,26,0,5872
2060,Mixed-use,2115,78,76,8,11,54,1726
835,Residential,1000,51,73,170,58,32,1323
2016,Residential,4127,11,76,130,11,124,2600
4068,Mixed-use,4047,51,71,189,34,292,2670
1716,Residential,1753,31,80,29,68,11,2016
2908,Residential,4210,75,92,93,48,124,2852
3279,Residential,3535,27,93,5,5,132,3173
3735,Commercial,4124,25,81,44,71,0,3634
4434,Commercial,5766,34,61,185,69,0,4273
2416,Residential,3262,54,33,175,5,158,2671
1659,Commercial,2060,36,30,31,21,0,1733
1458,Mixed-use,2598,50,72,136,41,105,1143
1990,Industrial,3661,45,96,43,37,0,3021
1476,Mixed-use,1000,66,34,136,32,100,1304
1783,Commercial,2413,88,37,184,23,0,1510
1677,Commercial,2450,66,100,47,27,0,2077
2399,Mixed-use,2280,63,34,20,30,156,1415
1661,Industrial,2144,58,95,169,66,0,3155
1069,Residential,1000,79,94,74,31,30,1812
1558,Industrial,1822,82,98,12,28,0,2818
1663,Residential,1528,82,51,86,15,83,1641
1404,Commercial,2508,50,77,48,33,0,1766
2781,Commercial,2370,30,61,121,57,0,2926
4831,Mixed-use,8840,21,62,6,5,475,3585
3351,Mixed-use,5839,27,84,77,64,290,3007
4460,Commercial,2587,14,65,166,58,0,4363
4139,Commercial,3929,28,86,45,11,0,3980
1488,Mixed-use,1596,87,55,112,14,122,1700
3159,Mixed-use,5711,83,86,88,42,18,2799
4458,Residential,3178,86,77,171,72,436,5233
1922,Commercial,3349,40,77,176,46,0,2481
4699,Residential,8293,27,70,55,23,311,4842
1904,Mixed-use,2764,70,40,91,31,188,1222
4409,Residential,6063,71,87,191,53,163,4663
671,Residential,1000,51,73,191,68,60,1457
3486,Industrial,3931,63,98,73,66,0,4306
616,Commercial,1000,29,57,165,49,0,1563
3826,Commercial,3445,70,53,99,51,0,3647
3794,Mixed-use,6990,50,80,104,49,304,2953
2733,Residential,3357,30,81,54,5,49,3186
2980,Industrial,5650,53,83,176,12,0,3808
663,Industrial,1835,55,86,137,33,0,2173
3268,Industrial,3416,19,93,29,25,0,4507
1641,Mixed-use,2210,72,98,42,19,148,2176
4456,Commercial,3531,61,79,171,12,0,3642
3125,Residential,1037,30,38,160,67,171,2821
4700,Mixed-use,2255,25,99,199,6,383,3411
4687,Commercial,6875,84,71,76,53,0,4054
4835,Residential,9119,79,77,151,14,276,5278
4797,Commercial,7097,21,83,199,72,0,4534
2113,Residential,3697,50,71,108,46,169,3107
4012,Mixed-use,3792,89,31,94,13,59,2367
995,Mixed-use,2400,17,45,124,61,46,1134
4127,Mixed-use,7407,53,79,132,58,358,2989
1947,Commercial,3939,30,68,174,36,0,2352
1572,Residential,2142,74,44,9,12,44,1578
3300,Commercial,2718,90,79,155,42,0,3428
1015,Mixed-use,1145,45,61,41,56,92,1311
2129,Residential,1669,23,82,33,17,180,2893
4922,Industrial,5635,40,93,90,44,0,5546
2302,Industrial,3311,41,98,41,9,0,3481
1533,Mixed-use,1000,77,50,100,23,19,1055
671,Residential,1000,62,98,174,50,52,1938
4098,Residential,5240,12,89,47,64,245,4321
840,Residential,1000,42,47,116,8,57,1241
2447,Mixed-use,2065,70,95,106,39,107,2712
1888,Residential,2799,76,100,93,55,68,2186
3950,Residential,8092,47,84,105,51,351,5226
796,Residential,1130,75,86,88,44,53,1320
725,Mixed-use,1061,84,71,54,72,32,1203
796,Commercial,1310,83,54,190,61,0,1487
842,Commercial,1000,18,98,34,12,0,2041
3441,Commercial,2607,35,45,124,30,0,2870
1136,Industrial,1000,12,76,113,13,0,1994
4086,Mixed-use,5334,61,52,74,23,380,2952
4267,Commercial,4892,34,61,29,72,0,4147
3130,Residential,1274,68,76,173,45,25,2751
777,Mixed-use,1000,61,71,88,37,38,1030
2496,Commercial,3157,69,87,13,72,0,2786
3317,Residential,3827,27,35,66,15,158,3397
1487,Residential,1884,48,64,123,30,89,2063
2085,Mixed-use,2802,67,89,59,41,104,2136
890,Residential,1148,37,39,131,68,70,1583
1459,Mixed-use,2686,19,99,102,50,63,2212
3013,Residential,5734,18,49,171,32,119,3107
798,Residential,1446,79,48,78,48,73,1436
1315,Residential,1000,87,37,54,24,91,1879
2450,Mixed-use,4019,45,75,89,1,97,1924
1950,Commercial,3673,73,39,101,19,0,1621
4090,Mixed-use,5898,32,80,144,14,167,2948
604,Mixed-use,1000,41,32,5,69,34,565
3317,Residential,4430,52,37,142,31,72,3024
1318,Industrial,1703,38,81,167,23,0,2504
4348,Commercial,6260,55,89,3,69,0,4327
1949,Residential,1445,13,77,110,37,40,2097
4760,Commercial,4346,48,64,71,63,0,3945
2084,Mixed-use,1862,75,77,124,55,70,2044
4424,Commercial,5318,81,48,115,10,0,3649
3948,Residential,5551,51,59,35,25,372,4486
4766,Mixed-use,3072,80,34,72,22,201,3047
3442,Residential,3140,29,65,94,28,183,3675
4753,Residential,2754,20,34,58,58,128,3587
1940,Residential,1435,55,59,17,42,166,2385
4072,Mixed-use,3787,75,67,142,20,149,3129
4139,Residential,3250,16,78,186,10,193,4244
3925,Commercial,3625,88,44,88,37,0,3501
4176,Industrial,5920,90,88,198,46,0,4591
1577,Commercial,2158,61,66,83,58,0,2121
2005,Industrial,2103,70,61,200,35,0,3008
4860,Commercial,9386,21,76,73,11,0,4605
2361,Residential,2460,54,98,12,38,208,3484
2468,Commercial,2096,85,77,101,40,0,2407
2726,Industrial,2929,88,74,47,42,0,3702
1269,Residential,1194,16,94,191,8,124,2626
798,Mixed-use,1126,35,62,45,14,39,1301
3878,Mixed-use,4119,79,52,31,14,161,2562
3840,Commercial,3083,82,90,73,10,0,3576
1974,Mixed-use,3049,89,91,17,25,195,1700
3190,Residential,4867,24,75,120,59,11,2636
680,Mixed-use,1000,16,96,30,57,19,1651
3942,Residential,6801,22,89,119,65,320,4530
1490,Commercial,1681,15,66,37,19,0,1836
4729,Residential,5634,38,81,166,5,18,3235
4739,Commercial,7164,53,99,89,10,0,4514
919,Residential,1000,47,43,170,3,46,1288
2955,Mixed-use,4553,75,41,140,55,138,2094
4848,Mixed-use,4551,80,49,50,20,49,3511
1364,Mixed-use,1590,80,89,25,32,111,1892
4730,Mixed-use,5329,78,54,89,57,429,3262
4300,Residential,2357,11,53,44,56,88,3437
4264,Residential,3178,62,92,1,3,234,4071
4596,Industrial,2261,61,46,29,66,0,4238
2849,Commercial,4291,71,74,186,41,0,2764
4990,Residential,9077,21,65,131,46,152,4489
1548,Residential,2086,63,88,108,65,134,2554
4076,Industrial,5721,34,95,124,53,0,5178
2561,Mixed-use,2229,42,100,192,65,52,2633
1518,Residential,2399,76,68,161,45,129,2401
2432,Residential,2172,11,54,153,3,57,2082
3544,Residential,4062,40,71,170,48,46,3211
2173,Residential,2703,24,69,156,21,80,2443
1026,Commercial,1000,17,46,92,51,0,1589
2233,Residential,1605,32,65,92,39,118,2446
3906,Mixed-use,5036,43,45,126,70,362,2797
1304,Mixed-use,2489,15,78,174,27,25,1746
2963,Residential,2807,50,57,37,20,94,2724
1733,Commercial,2369,62,94,91,26,0,2227
1884,Commercial,2324,29,49,28,19,0,2085
1955,Residential,2870,67,64,101,7,78,2125
839,Commercial,1000,42,71,161,37,0,1520
2510,Mixed-use,2451,57,93,175,37,71,2543
4935,Commercial,2546,32,46,155,60,0,4570
1136,Industrial,1530,66,63,45,71,0,2064
1909,Mixed-use,3587,55,59,27,40,30,1706
638,Residential,1000,30,100,68,71,50,1619
4829,Commercial,6361,77,44,148,56,0,4577
2217,Commercial,2379,21,99,114,33,0,2849
4498,Mixed-use,5515,63,69,96,21,309,3501
4910,Residential,2918,28,53,165,61,40,3683
4257,Residential,5423,16,65,62,20,280,4632
4396,Industrial,6177,84,57,79,72,0,4676
2142,Commercial,1795,49,35,197,17,0,1977
3988,Mixed-use,7670,12,92,50,53,19,3387
2994,Industrial,5166,22,52,179,68,0,3735
1617,Commercial,1000,21,41,85,55,0,1510
4666,Mixed-use,3799,51,84,93,24,79,3485
2505,Commercial,2953,25,44,174,27,0,2415
1574,Commercial,1232,26,81,23,34,0,1965
2986,Residential,2566,52,53,20,6,113,2849
1464,Commercial,1479,74,77,93,57,0,1754
4014,Commercial,4797,83,82,166,17,0,3868
646,Residential,1000,32,50,59,28,12,977
4349,Residential,5499,56,82,136,55,294,4716
3300,Mixed-use,1445,41,99,3,28,31,2563
3776,Residential,3676,83,96,22,39,105,3300
518,Commercial,1502,72,99,107,62,0,1340
2460,Industrial,1686,89,51,136,42,0,2567
543,Residential,1115,23,92,106,67,10,1169
694,Commercial,1161,17,31,125,15,0,922
1515,Residential,1781,56,88,96,48,75,2219
2420,Residential,4157,44,44,67,3,125,2917
2923,Industrial,2797,11,48,151,53,0,3363
4871,Commercial,5559,52,71,57,35,0,4619
1296,Mixed-use,1000,58,62,25,43,42,1368
3477,Residential,3763,75,93,101,55,34,3454
1656,Commercial,1590,85,61,1,56,0,1697
2874,Mixed-use,2171,39,39,169,40,14,1918
3909,Residential,2085,14,64,146,13,243,3598
3397,Residential,5985,80,73,176,23,73,3184
1406,Residential,1050,69,48,197,10,110,1874
1925,Industrial,2133,25,56,87,29,0,2505
3167,Commercial,2592,70,52,142,54,0,2755
3238,Industrial,4558,,57,0,6,0,3856
3210,Commercial,6463,,36,129,9,0,3171
3696,Commercial,6356,68,78,161,14,0,3715
4481,Residential,8679,28,59,112,51,196,4726
2884,Residential,4014,83,61,46,47,119,3051
3519,Mixed-use,4306,74,64,169,58,208,2364
3873,Residential,4079,10,40,97,63,333,4200
4819,Mixed-use,5849,16,73,132,28,480,3392
3967,Industrial,3857,70,78,149,39,0,4435
3456,Commercial,2338,89,66,79,9,0,3360
4172,Residential,8569,48,39,185,66,122,3816
1528,Mixed-use,3140,87,44,43,14,37,1504
3515,Residential,3515,34,85,17,1,196,3677
573,Mixed-use,1000,32,38,177,72,46,672
4297,Commercial,2735,22,47,140,29,0,3776
903,Residential,1283,63,74,11,38,28,1282
4074,Mixed-use,7685,46,91,24,1,125,3618
4335,Mixed-use,9360,83,47,33,53,123,2938
1418,Residential,1771,81,70,145,33,83,1728
3424,Industrial,3715,63,84,137,9,0,4260
2826,Residential,5688,74,58,21,38,22,2274
1115,Residential,2229,78,65,165,11,35,1397
3158,Industrial,5357,65,78,58,39,0,4233
4983,Commercial,6998,42,42,61,7,0,4305
1029,Commercial,1405,43,37,71,54,0,1492
1789,Residential,2681,65,91,160,50,100,2445
1949,Mixed-use,2826,24,54,142,71,183,2053
4065,Mixed-use,6739,30,44,175,46,350,3190
1626,Residential,1433,83,48,94,41,45,1639
2254,Mixed-use,3320,53,40,10,32,190,1471
3510,Residential,5831,24,88,167,34,61,3299
2315,Residential,2171,11,85,6,65,14,2215
1992,Residential,3260,45,65,93,68,171,2866
1973,Residential,3290,61,73,179,5,100,2247
577,Commercial,1000,87,89,167,23,0,907
638,Industrial,1000,72,91,142,19,0,2072
2867,Residential,2224,65,57,184,52,84,2809
3058,Mixed-use,2994,60,87,106,46,292,2196
4036,Mixed-use,3080,65,67,48,61,181,2993
2994,Commercial,3408,56,40,192,30,0,3064
2596,Mixed-use,4106,34,85,12,56,228,2930
4303,Commercial,7565,24,51,29,1,0,3422
1005,Residential,1827,52,78,110,4,41,1797
1778,Commercial,1639,27,77,102,57,0,2411
2651,Commercial,3272,15,30,44,26,0,2299
2749,Industrial,1855,34,35,50,8,0,2744
597,Mixed-use,1829,70,46,181,20,43,940
1267,Commercial,1332,75,38,31,66,0,1376
2835,Industrial,5287,86,49,102,30,0,3250
606,Industrial,1569,14,73,60,59,0,1801
3863,Commercial,3666,88,57,19,65,0,3469
4438,Commercial,1763,85,30,64,30,0,3627
810,Commercial,1000,89,53,190,7,0,930
4003,Residential,4837,58,38,65,9,217,3809
3071,Mixed-use,3302,48,34,12,58,19,2168
4231,Residential,3840,11,75,52,29,354,4816
1579,Residential,1810,45,61,2,2,155,2410
2996,Industrial,1492,30,96,113,1,0,3784
1473,Residential,3065,81,83,10,38,92,2332
4196,Commercial,2817,35,36,142,32,0,3755
2853,Residential,4906,12,36,76,1,229,3317
2383,Residential,2144,49,70,7,20,205,2814
4190,Residential,3463,79,84,36,32,44,3049
4915,Commercial,9711,47,43,55,13,0,4465
4079,Residential,5595,82,95,91,50,304,4889
3956,Commercial,5296,52,58,143,2,0,3406
2903,Residential,1270,20,73,187,35,32,2497
648,Residential,1000,81,87,70,1,61,1635
2335,Residential,3065,90,44,48,62,71,2163
648,Mixed-use,1594,44,55,60,24,17,768
3293,Mixed-use,1999,74,58,135,66,15,2284
2743,Industrial,4173,43,84,4,34,0,3486
4131,Commercial,4798,42,99,160,66,0,3951
2073,Residential,3466,36,42,77,42,30,1906
3734,Industrial,3986,44,80,26,47,0,4848
4700,Commercial,7095,22,84,159,30,0,4571
4318,Residential,5130,51,51,22,27,180,4048
3284,Commercial,6041,53,66,155,49,0,3382
3958,Mixed-use,7211,81,95,168,56,19,3498
871,Residential,1578,18,93,108,3,41,1482
3497,Commercial,5794,78,78,20,61,0,3619
674,Mixed-use,1636,48,73,107,59,46,1134
2694,Residential,1662,11,87,122,59,179,3173
1406,Industrial,1634,58,100,173,49,0,2552
3716,Commercial,2165,43,33,115,53,0,3035
904,Residential,1095,39,79,124,40,43,1032
3856,Mixed-use,5648,44,63,123,60,353,2782
1476,Residential,1126,36,100,193,57,41,1802
4186,Industrial,8811,34,58,40,42,0,4636
4764,Residential,3324,88,51,116,51,427,5396
1096,Residential,1000,51,77,112,62,75,1711
3936,Residential,9212,69,56,92,53,75,3787
1641,Commercial,4213,84,83,67,35,0,2302
4457,Residential,3561,63,56,105,28,444,5121
2272,Mixed-use,1676,40,95,171,24,26,2517
3846,Mixed-use,4773,13,33,100,27,211,2382
988,Industrial,1000,52,32,123,64,0,1683
1310,Residential,2583,48,89,57,63,86,1881
694,Commercial,1000,23,40,197,1,0,868
1261,Residential,2027,64,58,159,27,27,1540
1254,Commercial,1990,80,84,140,56,0,2199
574,Mixed-use,1000,20,72,32,2,16,1359
3615,Residential,3143,24,53,73,17,198,3470
2802,Mixed-use,1989,26,75,185,11,181,2139
2382,Residential,1182,69,87,159,4,210,3595
3779,Mixed-use,4107,31,96,125,25,322,2834
546,Mixed-use,1000,12,76,194,19,35,1534
2074,Commercial,2378,56,50,60,67,0,2307
4980,Commercial,4145,19,85,57,25,0,4850
1420,Industrial,3197,50,64,65,42,0,2214
1826,Residential,1031,43,55,9,19,118,2182
1670,Mixed-use,3020,28,55,129,18,136,1382
4533,Residential,5292,84,80,62,37,446,5812
4261,Mixed-use,5797,17,81,5,12,205,3392
1491,Industrial,2025,61,45,142,6,0,1430
3999,Commercial,4460,50,85,92,15,0,3962
3914,Mixed-use,3638,56,88,148,38,319,2963
2425,Mixed-use,1624,25,94,84,14,142,1971
4514,Residential,4461,51,79,14,22,414,5171
4810,Commercial,4778,54,100,101,44,0,4395
1343,Mixed-use,2657,48,51,161,45,61,1608
3162,Residential,4557,54,79,34,17,224,3935
2700,Commercial,4086,36,68,83,70,0,2672
2147,Residential,3843,77,38,69,27,78,2017
743,Commercial,1000,82,98,8,61,0,1881
1961,Commercial,1528,83,35,193,72,0,2248
3972,Residential,6863,83,81,33,47,231,4167
3235,Commercial,4282,58,48,46,12,0,3203
4962,Residential,6387,37,62,130,32,10,3494
4104,Commercial,4963,84,80,110,1,0,4245
4712,Residential,4256,58,72,183,52,271,5050
1402,Residential,1395,68,92,68,67,126,2683
4620,Residential,8213,42,46,158,12,404,5169
2375,Residential,3197,33,99,141,28,130,2933
1798,Residential,2729,66,53,121,67,113,1880
3330,Commercial,2818,37,88,5,42,0,3140
4617,Industrial,5428,65,86,172,69,0,5175
3874,Residential,6133,72,70,198,62,383,5042
3801,Mixed-use,4153,46,73,127,25,96,2916
3989,Commercial,3341,51,66,200,7,0,3500
3052,Commercial,1460,65,51,163,66,0,2490
2312,Residential,3955,85,66,41,15,51,2226
829,Commercial,1000,66,44,99,47,0,1058
1102,Commercial,1882,53,36,128,68,0,1447
1278,Commercial,1000,90,39,168,44,0,1359
845,Mixed-use,1582,59,31,72,54,30,1001
1019,Residential,1601,36,46,178,54,94,1512
4363,Mixed-use,3442,66,31,108,9,85,2673
1292,Residential,2573,65,82,112,7,101,2345
1910,Mixed-use,2915,62,84,134,7,178,1710
3284,Commercial,6714,88,88,11,59,0,3874
4889,Commercial,4941,47,47,140,3,0,4502
615,Industrial,1490,30,56,63,9,0,1643
4819,Mixed-use,7650,53,100,62,31,420,3732
3975,Commercial,2364,68,77,177,16,0,3663
2408,Industrial,3518,23,34,54,34,0,2603
2526,Residential,3686,22,46,182,11,45,2569
2276,Residential,2924,24,38,141,49,118,2470
2794,Commercial,2103,42,36,154,4,0,2401
4561,Commercial,6315,14,97,36,51,0,4854
3667,Residential,1905,33,65,157,60,260,4230
3310,Commercial,3657,17,71,122,42,0,3264
1722,Commercial,1633,75,77,106,60,0,2244
2482,Mixed-use,1996,85,35,129,59,198,2001
776,Mixed-use,1000,28,92,65,51,62,1345
3889,Commercial,7285,70,87,58,2,0,4059
3753,Commercial,2558,,91,149,14,0,3419
2590,Industrial,2459,,31,49,69,0,3069
715,Mixed-use,1000,79,59,74,47,68,988
4433,Residential,3205,48,98,60,62,126,4181
2396,Mixed-use,2352,54,60,193,35,153,2102
970,Commercial,1608,56,97,174,54,0,1724
1365,Commercial,1000,31,97,32,53,0,2065
2494,Mixed-use,4536,22,50,108,40,10,2274
4435,Mixed-use,5269,76,74,186,28,394,3221
4452,Industrial,8359,25,82,50,34,0,5077
1880,Residential,2790,32,83,90,63,150,2851
3924,Commercial,7126,80,66,92,65,0,4001
3433,Residential,3016,82,36,5,69,149,2721
781,Mixed-use,1055,36,71,14,22,41,1259
2279,Residential,4284,38,35,16,22,100,2078
2037,Commercial,1280,82,74,2,22,0,2009
4946,Commercial,4013,61,46,192,63,0,4090
2460,Mixed-use,1584,85,51,197,10,206,1562
3209,Commercial,4650,16,85,37,30,0,3434
1323,Mixed-use,1816,67,41,171,48,105,783
4766,Commercial,2316,34,95,21,17,0,4262
2901,Residential,4147,42,57,51,11,83,2510
2931,Commercial,3869,62,68,142,26,0,3009
4681,Commercial,2281,84,73,182,44,0,4305
4958,Residential,2700,85,50,40,23,439,5264
1941,Commercial,1005,19,87,90,47,0,2705
4572,Mixed-use,4368,30,80,51,66,403,3526
2773,Residential,4046,52,97,91,22,89,2953
3179,Mixed-use,6353,53,38,164,58,182,2223
1441,Industrial,1275,20,76,39,66,0,2605
2069,Commercial,3675,28,93,121,59,0,2753
1278,Residential,1118,85,82,76,15,114,2230
2105,Residential,1160,45,47,135,28,67,2047
1027,Residential,1000,50,32,129,48,47,953
2309,Residential,4455,45,87,198,16,108,2884
1613,Residential,2602,75,60,152,62,137,2822
3068,Mixed-use,4221,75,61,180,38,133,2748
3063,Commercial,6218,77,38,13,24,0,2565
1299,Residential,1951,41,55,27,37,31,1389
4536,Residential,4942,18,67,150,18,83,3957
1262,Commercial,1000,82,72,157,9,0,1719
728,Residential,1747,62,64,103,45,45,1689
3216,Residential,3464,68,59,118,72,156,3787
2897,Commercial,2882,46,74,167,70,0,3402
2866,Residential,1357,41,52,193,44,23,2257
930,Residential,1000,70,85,107,59,69,1791
3675,Commercial,7645,65,92,24,32,0,3763
993,Commercial,1382,34,73,86,3,0,1666
3275,Commercial,2723,83,61,91,65,0,3071
1481,Industrial,1681,79,50,167,28,0,1955
4423,Commercial,8848,14,51,74,71,0,4305
3927,Commercial,6154,39,88,90,47,0,3726
3472,Mixed-use,5999,87,83,123,16,107,2688
3041,Mixed-use,2600,75,69,129,37,124,2432
4965,Residential,4619,66,97,175,47,215,4738
629,Residential,1000,88,90,131,64,21,1624
917,Residential,1080,37,88,87,14,25,1411
3680,Residential,7281,32,79,38,27,81,2973
1650,Residential,2996,78,60,117,19,69,2039
1429,Mixed-use,2468,52,42,191,36,78,1322
2119,Industrial,2138,44,37,140,3,0,2738
2438,Residential,2537,64,84,42,69,95,2870
3181,Mixed-use,6043,41,61,66,65,260,2779
3604,Residential,4605,83,75,152,49,225,3961
3369,Residential,4019,53,95,73,53,57,3352
1154,Residential,1827,17,55,94,52,91,1865
679,Commercial,1000,62,45,64,17,0,986
4364,Mixed-use,3251,70,35,152,10,163,2918
1021,Residential,2380,69,65,142,37,85,1598
1925,Residential,1156,63,60,120,68,127,2296
3709,Residential,6727,79,89,125,28,302,4561
4631,Industrial,7355,62,35,70,63,0,4542
2547,Residential,4851,49,35,111,38,184,2798
4095,Commercial,4647,85,47,109,41,0,3601
4660,Commercial,7934,40,87,161,53,0,4966
2390,Commercial,3020,21,87,131,50,0,2504
1095,Industrial,1408,17,96,45,56,0,2062
2408,Commercial,3285,57,77,171,2,0,2541
4991,Residential,5865,61,96,130,63,249,5178
1103,Residential,1490,55,88,43,15,67,2059
832,Mixed-use,1731,21,69,139,37,28,1076
862,Mixed-use,1000,68,31,22,30,28,837
1403,Residential,2524,49,31,168,34,69,1574
1262,Commercial,1844,61,43,37,29,0,1463
2100,Commercial,3530,56,73,154,61,0,2434
1882,Mixed-use,3200,79,60,184,23,92,1611
3806,Industrial,6101,22,38,40,66,0,4215
2876,Mixed-use,3749,48,37,0,57,133,2241
2554,Mixed-use,2453,25,92,158,19,74,2496
2968,Industrial,5443,24,48,136,30,0,3613
3767,Mixed-use,2540,67,58,147,50,95,2551
3001,Industrial,2991,64,88,47,21,0,3936
3931,Mixed-use,5007,15,97,23,62,179,3265
4902,Residential,9945,58,81,37,38,174,4578
4700,Commercial,3978,69,91,20,45,0,4148
2002,Residential,4100,12,37,61,57,101,2335
1814,Mixed-use,1338,28,78,186,24,94,1931
4167,Residential,7243,55,67,45,31,188,4078
813,Industrial,1000,48,65,164,25,0,2109
3168,Residential,5771,50,72,113,17,32,2921
4455,Commercial,4548,78,63,197,40,0,4077
1971,Commercial,3803,21,56,2,43,0,2097
2251,Commercial,3001,77,73,124,21,0,2818
1463,Commercial,1561,83,72,30,27,0,1939
2403,Mixed-use,1662,30,85,165,7,71,2234
3773,Mixed-use,3991,82,94,114,34,34,3056
4121,Commercial,6946,64,50,16,59,0,3836
2236,Mixed-use,3018,24,47,168,7,62,2006
3656,Residential,6417,81,52,126,37,187,3663
2884,Residential,6626,66,81,162,35,109,3238
3490,Residential,1754,81,48,174,23,317,3958
4931,Mixed-use,4386,10,60,82,44,158,2933
2225,Mixed-use,4645,70,66,13,39,204,2013
1886,Residential,1544,23,35,169,47,161,2087
3675,Commercial,5120,53,72,65,63,0,3778
2572,Residential,3116,22,41,135,26,212,3223
3850,Commercial,2821,69,99,33,71,0,3695
4521,Residential,6059,64,64,154,42,57,3618
4710,Residential,8950,11,74,16,62,329,5175
4739,Mixed-use,6223,45,34,158,59,382,3041
1281,Residential,1439,38,86,180,36,49,2142
2805,Commercial,2956,61,76,180,41,0,2986
4902,Residential,7565,57,40,11,20,381,5188
3091,Mixed-use,4926,46,98,166,43,168,3165
1867,Industrial,3222,29,89,77,6,0,2881
2000,Mixed-use,2392,86,96,64,6,16,1972
2349,Mixed-use,3183,52,77,36,46,148,2203
2417,Mixed-use,2423,50,39,64,64,155,2264
2233,Residential,2460,89,36,150,38,57,1966
1351,Residential,1722,38,68,34,46,58,2209
1519,Commercial,1978,65,84,22,32,0,1821
4371,Commercial,7789,45,89,94,42,0,4544
1215,Mixed-use,1000,61,32,147,20,70,626
2463,Residential,2741,66,64,89,4,182,3182
3134,Residential,5139,78,86,193,37,22,2961
4269,Residential,6013,54,36,46,68,18,3328
1424,Residential,1000,34,80,15,8,41,1335
515,Residential,1319,53,85,20,2,33,1248
4978,Industrial,5088,82,81,24,14,0,5358
2742,Residential,4559,21,78,68,23,154,3145
4809,Commercial,2942,34,75,29,61,0,4387
2061,Residential,1000,89,90,17,52,84,2724
1369,Residential,1835,82,65,93,38,82,1572
4247,Mixed-use,1669,13,50,115,47,421,2762
2304,Mixed-use,1718,38,48,47,22,228,1916
4037,Commercial,5496,49,72,7,23,0,3748
4209,Residential,5462,47,92,95,33,290,4666
806,Industrial,1000,42,99,14,28,0,2393
1175,Residential,1365,52,44,37,49,43,888
2485,Mixed-use,2686,19,35,151,7,82,1619
4483,Residential,2452,44,95,127,37,373,5384
3909,Commercial,4189,,58,7,67,0,3366
1433,Mixed-use,1646,,90,42,37,73,1989
4520,Mixed-use,8400,82,32,29,43,387,3016
1222,Residential,2000,78,88,130,69,51,2132
1585,Mixed-use,1795,43,70,40,70,78,1793
1405,Residential,1962,32,89,169,63,34,1951
4351,Industrial,5361,65,38,182,59,0,4618
2796,Residential,4295,68,63,59,19,119,2865
2113,Residential,1433,45,88,34,50,159,3129
3395,Residential,5245,25,48,38,24,38,2614
1441,Industrial,2460,20,81,158,45,0,2766
4051,Industrial,7051,74,53,82,20,0,4437
3075,Residential,3360,31,96,196,19,116,3673
3987,Residential,7558,68,85,29,62,202,4292
4699,Mixed-use,4122,90,77,65,1,63,3013
2374,Mixed-use,3620,26,61,25,39,138,1620
3489,Commercial,5719,88,69,176,50,0,3517
4844,Residential,4593,14,48,156,59,332,5254
686,Residential,1247,28,40,165,30,62,1239
1660,Residential,1419,61,51,119,16,23,1516
2051,Industrial,2899,30,42,173,10,0,2223
3581,Residential,3421,16,76,118,52,200,3763
2778,Residential,4160,47,66,105,1,187,3267
3190,Mixed-use,3875,15,42,56,8,161,2458
2338,Residential,3163,31,37,115,44,200,2632
861,Residential,1000,36,34,139,28,61,1273
633,Commercial,1000,10,41,51,22,0,1209
2173,Residential,3351,22,50,187,12,93,2358
3716,Commercial,4135,32,83,34,34,0,3483
3038,Commercial,3459,25,96,152,32,0,3180
2986,Commercial,3811,30,58,69,43,0,2787
3674,Mixed-use,3029,29,88,120,61,254,2858
3935,Commercial,4726,,89,167,10,0,3693
868,Residential,1376,,79,1,7,25,1239
